no_saida,no_entrada,betweenness
0,276,0.007841410724717786
0,58,0.01800252950231574
0,132,0.0005038434642813554
0,603,0.012895862879858796
0,398,0.012349090203298599
0,555,0.008265560555162085
276,113,0.0008376287908548691
276,149,0.00040244296021686466
276,276,0.0
276,296,0.0032258064516129032
276,619,0.0004918631747943627
276,494,0.0010551186215457425
276,398,0.0001468093741623613
276,598,0.0003005684777418159
276,555,0.0009885664689711694
58,23,0.0008595339767477069
58,35,0.00782544171335535
58,89,0.0014203938781456584
58,90,0.0017092407818432049
58,265,0.013660544771118041
58,601,0.0007386133769664156
58,434,0.004076548080384055
58,537,0.016024805878367816
58,350,0.0009331601658876355
58,603,0.0007158022561075121
58,611,0.0032654572958392427
58,616,0.0008267383154716921
58,302,0.00045821433148490504
58,87,0.0013157011189301533
132,198,0.003250507945328247
603,56,0.0013677679088488705
603,67,0.0025905543926171433
603,68,0.0002572150182819927
603,90,0.0007671232726404412
603,157,0.002308719942953319
603,182,0.001269130590467113
603,198,0.0004568687380604003
603,217,0.002882413461522131
603,238,0.0007869802420907644
603,151,0.0006463799846958979
603,271,0.0011102971892966947
603,317,0.0005571165437628238
603,361,0.00035727094671036876
603,340,0.0009014764772837815
603,350,0.0005799862132085652
603,355,0.0005082828695763079
603,372,0.00047618138418343984
603,39,0.0011756480522001336
603,446,0.0005460175311900454
603,558,0.000501840306961496
603,576,0.0002990308827868715
603,584,0.0009360178110306277
603,597,0.0009317942958822345
603,601,0.0004242053925509882
603,616,0.0004468162397294762
398,113,0.0010863952820105857
398,194,0.007053978444026979
398,319,0.002621896959591264
398,365,0.0005959416079149645
398,522,0.0008264131476056295
398,598,0.0004230872074704056
398,555,0.0014047117573815356
555,113,0.006714145218557919
555,149,0.0028375263946041
555,202,0.024619722794890865
555,308,0.004285441311862658
555,358,0.003123925165459378
555,365,0.003461988347544639
555,423,0.004285441311862658
555,459,0.024619722794890865
555,467,0.006326541247589764
555,494,0.007444610169491091
555,522,0.005643110748184476
555,565,0.004285441311862658
555,619,0.0035130066134081467
555,598,0.0024642074010301474
1,265,0.0021922197646559393
1,611,0.001033586686956957
265,2,0.0028599527044438178
265,4,0.008808682293293875
265,7,0.01564651946846835
265,9,0.0022873699102164747
265,15,0.0014802570335605732
265,18,0.0032258064516129032
265,408,0.004856947468548014
265,32,0.0018061193572259965
265,34,0.002653610515743078
265,35,0.028254424082329876
265,41,0.027147605378696052
265,43,0.002926840181955069
265,44,0.0032258064516129032
265,54,0.0022430217524466094
265,56,0.0022028726958274445
265,59,0.0028689299698645356
265,60,0.0019136053412809636
265,62,0.007495476254667567
265,67,0.006747356391496014
265,68,0.001374313461790556
265,70,0.005893756053539434
265,71,0.029620422154365552
265,419,0.0016366752777625644
265,83,0.0017646859616043357
265,87,0.0011876916340629714
265,88,0.006065956150891853
265,90,0.002738496911602552
265,97,0.0032258064516129032
265,107,0.002272916922321167
265,111,0.0027511442206857683
265,112,0.0031076808569859013
265,116,0.002205015039637741
265,120,0.0031472588574058633
265,121,0.002863003341487656
265,128,0.0018955042644910826
265,131,0.0030525791378324145
265,136,0.0026097072344368963
265,140,0.003217678664993412
265,143,0.007482415725247454
265,148,0.04634487400541145
265,155,0.0026265645206401244
265,159,0.002633329147791152
265,161,0.0032258064516129032
265,166,0.00385803612919972
265,169,0.026683260581290138
265,172,0.002077842342810408
265,182,0.0023453732778377346
265,183,0.0054112790080464305
265,198,0.0020387023517439984
265,217,0.013289084248929245
265,221,0.0025271570220441373
265,227,0.00955390407496683
265,229,0.003339655941514184
265,233,0.0032258064516129032
265,238,0.0017176423701866397
265,242,0.0028582858603379852
265,243,0.03860059250785719
265,151,0.0015228104342944343
265,245,0.0020313244977531713
265,246,0.00288900380343082
265,254,0.0013884837817778673
265,257,0.002186304329590408
265,261,0.0038140832294456923
265,317,0.001576646647478498
265,476,0.005804856185749271
265,320,0.0031269250926776815
265,479,0.0018131129106735819
265,322,0.0029921823700478547
265,324,0.002657090632609666
265,271,0.0053690003033457145
265,175,0.0017923639154490002
265,338,0.002912499618059601
265,340,0.007311178540721543
265,341,0.0032323372827443367
265,312,0.0028325294294005926
265,345,0.009011307064247139
265,346,0.0029587750448944227
265,404,0.004255646841325022
265,349,0.0032258064516129032
265,350,0.003075443869970247
265,351,0.0014396988626899049
265,505,0.005304582658103143
265,321,0.0020417126885856327
265,360,0.0033435131915518913
265,361,0.0016363493888255653
265,364,0.002873978858508398
265,343,0.004608930640759296
265,372,0.0022682764925388327
265,375,0.0019339695651364312
265,439,0.001182747267633064
265,531,0.0020869022811647415
265,383,0.008230021745627161
265,384,0.0032258064516129032
265,386,0.00469979549398966
265,510,0.0026021780460689374
265,549,0.0027729199114416674
265,397,0.0081479712293566
265,458,0.0030949724648821416
265,558,0.001983053488145595
265,265,0.0
265,569,0.0036744853808005876
265,275,0.0015198451893363677
265,570,0.0018957215861823867
265,277,0.0028453559479155294
265,352,0.014243803765331135
265,576,0.0019113639856678027
265,578,0.008821367216240336
265,584,0.004381964016448199
265,288,0.006893733249068825
265,426,0.005011210278914784
265,588,0.0030346379963877295
265,432,0.005413446122959702
265,433,0.0029439197887776857
265,436,0.006152865323832631
265,594,0.002381467791388412
265,300,0.005152894991387645
265,597,0.003674439638351883
265,302,0.0026202589142490925
265,446,0.0022621234341214315
265,599,0.0016672186806001355
265,601,0.00340357966901988
265,449,0.033153387511057675
265,248,0.005865245808830622
265,454,0.002602092795977958
265,456,0.010912359746456338
265,309,0.0032258064516129032
265,611,0.0004705988033731014
265,464,0.0032258064516129032
265,465,0.0009965495068278971
265,615,0.0018376334063332958
265,616,0.002357520676502541
611,9,0.0005348168531722683
611,32,0.0007643600627679272
611,35,0.005080742843475306
611,41,0.004972419079769641
611,56,0.0004636650962940217
611,62,0.0023882274305310983
611,67,0.0013884636701828258
611,70,0.0010604049768642
611,87,0.000296476003454224
611,90,0.0005381517377749562
611,116,0.0006945999753400267
611,136,0.0009946767374551665
611,166,0.0017702358031077038
611,169,0.00491103805308306
611,172,0.000965317470204843
611,182,0.000724835100127011
611,217,0.002210894951956951
611,238,0.00032620743215489674
611,242,0.0007341297495473627
611,151,0.0004863847043752941
611,245,0.0005807973724986062
611,275,0.0004671629778639838
611,288,0.0013133346210618673
611,300,0.00232030362750853
611,317,0.00033759731472874445
611,361,0.0006875617590587889
611,324,0.0009379664048351507
611,340,0.0014447010619202776
611,343,0.0008960639208729993
611,383,0.0037236967837672654
611,350,0.0007393670140930661
611,372,0.0008069559971147745
611,175,0.0007789710777430198
611,426,0.001376937890342639
611,432,0.0020117646341758434
611,436,0.002870259330384789
611,446,0.0008176375357879828
611,449,0.006935320012756781
611,248,0.0014026044384504572
611,458,0.001452979530022536
611,505,0.001017791929129725
611,584,0.0012290490170697545
611,615,0.0008168831489717058
611,597,0.000833732422137758
2,182,0.00031663530320682207
2,345,4.9218443962262294e-05
182,557,0.0010471775967763827
182,23,0.00046092977065346097
182,50,0.0017704249270776773
182,56,0.0004733307085141087
182,87,0.00026188498228819115
182,89,0.0003473386118870676
182,90,0.000454820407603027
182,116,0.0005245587056233066
182,131,0.0003462755520673145
182,143,0.00083083502134709
182,166,0.00047859277449972836
182,246,0.00033680264818208475
182,317,0.0003872618237984907
182,473,0.0003866950321043599
182,289,0.0004025985710320527
182,389,0.000583546385069502
182,350,0.00032055853694546967
182,300,0.0007861663348138334
182,463,0.0015109648599390861
182,375,0.0002270364630754405
182,456,0.0011973836737943899
182,229,0.0003763220884872988
182,345,0.0007444541376382302
182,439,0.00019529597413258344
182,195,0.00033234099048688574
182,198,0.00033304364535547743
182,451,0.0011631971499499886
345,56,0.002387358767413676
345,203,0.003220595132628068
345,151,0.0004105652931874954
345,391,0.0032258064516129032
345,435,0.003220595132628068
345,451,0.0004572806016217226
345,531,0.00021788759074909986
345,580,0.0004275041277054337
3,608,0.0009932700865467807
3,377,0.0007711437359213983
3,40,0.00012176559238062513
3,352,0.007916398924142296
3,450,0.0009932700865467807
3,484,0.0013491914751592822
3,299,0.001048933917939272
3,65,0.0007957754434139592
3,185,0.0006388983852908847
3,228,0.002031689723285946
608,17,0.0009433265343929232
608,65,0.0010475780501229975
608,240,0.0008231083714341622
608,377,0.0014220219474622448
608,449,0.007731216376039987
608,538,0.0007796869364073343
377,185,0.0006556525619505736
377,240,6.227381689982372e-05
377,299,0.0008448196617401642
377,344,0.0011614221155451865
377,356,0.0010660378314731388
377,538,0.00029603271395300924
377,450,0.0014220219474622448
377,563,0.0030259708949521105
40,344,0.0020679375081028312
40,333,0.0014679965126501776
40,352,0.008236668465781598
40,538,0.0008355293103638112
40,484,0.00100817076721544
40,240,0.0005960196958206937
352,13,0.0032258064516129032
352,526,0.0013893388500787831
352,67,0.003076029798121393
352,244,0.0013438896610441255
352,181,0.0012713063576800334
352,224,0.004408537775854062
352,227,0.005075763824122397
352,235,0.0012467566503229376
352,317,0.001773790503283859
352,385,0.0022275184890815135
352,434,0.006514801852899103
352,248,0.0011986703093251957
352,470,0.003355416214363954
352,498,0.005240502945297169
352,368,0.003356212525279777
352,616,0.0016738029290248389
450,17,0.0009433265343929232
450,65,0.0010475780501229975
450,240,0.0008231083714341622
450,449,0.007731216376039987
450,538,0.0007796869364073343
484,240,0.0008743125107446022
299,17,0.0008807997867043935
299,65,0.0005588457510013123
299,168,0.0032258064516129032
299,240,0.0008185016955407926
299,272,0.0032258064516129032
299,575,0.0006174348804238095
299,538,0.0005590886664052323
299,577,0.009713837129627005
299,299,0.0
299,356,0.000954483639315197
65,17,7.935349856355985e-05
65,333,0.0007141203582185358
65,185,0.0005394085399515086
65,240,0.000415524682985102
185,17,0.0007899022985949046
185,333,0.0010585219831423822
185,538,0.0005558326036022965
185,356,0.0012306003668455098
185,240,0.0005975100855983496
185,432,0.006700171662880577
228,392,0.001441183006131795
557,227,0.0010799621712673608
557,90,0.00361635008024035
557,151,0.000754098276300206
557,394,0.0032258064516129032
227,23,0.0016184232023545174
227,87,0.0015225527869181556
227,90,0.0032878420502496226
227,121,0.001155333682715715
227,135,0.0010734407984706843
227,195,0.0010487799983183996
227,436,0.0008948777746258007
227,370,0.0032258064516129032
227,577,0.0018575759560144948
227,442,0.01779267742262209
227,453,0.0010848110448086004
227,102,0.0007387559687091881
90,9,0.0003310454358535234
90,35,0.00447284290056193
90,56,0.00027693822496428793
90,67,0.0012589937339204079
90,70,0.0010052661655372116
90,87,0.0001532523722339142
90,89,0.00023267004149413713
90,317,0.0002297370648670086
90,473,0.0006467714972466707
90,116,0.0005083230169520437
90,206,0.0018888655928230216
90,355,0.0009913280014003485
90,157,0.0036296752199676597
90,505,0.0010721924129867026
90,389,0.0017324697981634003
90,479,0.0006056514892448694
90,434,0.0035736135286702176
90,324,0.0007593390277745738
90,550,0.0009650486976665601
90,130,0.00047227075500778676
90,131,0.0002460702535277219
90,584,0.0007788750122111934
90,208,0.0009727645414002204
90,597,0.000345435811675853
90,601,0.0003793695173707848
90,372,0.0004697378868920389
90,340,0.001047775447814537
90,342,0.00062680217029217
90,229,0.000492793383393999
90,275,0.0003363146447048143
90,198,0.00022004284413165224
90,289,0.00028107483401093136
90,217,0.0023474771516980497
90,350,0.0003522467475681185
90,439,0.0002488592449352781
90,373,0.0025343001912119354
90,238,0.00048083715334212043
90,413,0.00123536100831888
90,195,0.0002872286960736392
90,616,0.00043413576373720433
90,580,0.0008484752696551758
90,351,0.00026433491320068973
90,242,0.0006224711249979687
90,151,0.00023958867822584476
151,56,0.0002460572909796147
151,87,0.00012417167297396848
151,89,0.00021288002351979118
151,116,0.0002682253823037884
151,130,0.00019249027454224625
151,131,0.00018977446487371028
151,143,0.0005852053493685233
151,195,0.0001729112201632556
151,229,0.00018900300528550213
151,389,0.00040039327726337516
151,289,0.0002188414587914082
151,375,0.00012044707435220352
151,597,0.00023698480194669168
151,580,0.000193297268816299
151,601,0.00020720423153803262
4,287,0.0031861560038696918
4,254,0.0007529569331645691
4,336,0.0031861560038696918
287,303,4.746742622046462e-05
254,9,0.00014756625244577608
254,34,0.0001555464216579473
254,67,0.0004851113714536678
254,70,0.0005083643992193125
254,419,2.894212352355881e-05
254,83,6.29807306706651e-05
254,89,0.0002907204125914475
254,128,9.087760093763287e-05
254,155,0.00014029405381434898
254,570,3.464955388238643e-05
254,558,0.00010691365136023921
254,288,0.00034281535380958233
254,465,0.000101779921444803
254,340,0.00045275506097003577
254,505,0.0003652807420114314
336,303,4.746742622046462e-05
5,503,0.0032258064516129032
503,311,0.006441190265256136
6,429,0.001464646948112636
6,163,0.005432476193845115
6,486,0.0027171066500866954
6,478,0.0012574918396924461
6,518,0.013568150864021121
429,163,0.0001280495521988044
429,535,1.2159744297948476e-05
429,220,0.001858543282478173
429,362,0.00030961097932082505
429,427,0.000107093214797531
429,478,0.00010361900214097429
163,535,0.0001306552116912219
163,561,0.0032258064516129032
163,486,1.4765403790366007e-05
163,478,0.0007474036480285763
486,478,0.0004939343977358394
478,176,0.002441105285790091
478,220,0.0016422631121656107
478,362,0.0002233630404626341
478,427,1.997672277520107e-05
478,535,0.00012769009912875348
478,497,0.00024788251990548845
518,31,0.04650821418143928
518,357,0.0004431184850862815
518,38,0.0032258064516129032
518,48,0.0006874045496012826
518,63,0.0006340723048971202
518,79,0.0013419948372935511
518,85,0.002271986851501696
518,100,0.0032258064516129032
518,424,0.0015234443928913118
518,118,0.0018020445297196293
518,123,0.0016193169712808485
518,127,0.0018321807969483197
518,142,0.004365357094622853
518,164,0.007600639370337643
518,165,0.0015876326181371505
518,179,0.006786054791207283
518,191,0.002224557369132335
518,199,0.0031963997230556197
518,139,0.002400038514179376
518,220,0.041692108702308384
518,255,0.0032258064516129032
518,256,0.0018802495402233587
518,292,0.002028188724525837
518,297,0.002681313787921856
518,307,0.0014360698915701498
518,313,0.0017229690931158418
518,315,0.000731592320323718
518,316,0.0032176637656990983
518,327,0.0008023297715916813
518,328,0.0016510522583981938
518,335,0.0019070618071558361
518,347,0.0015847649092165868
518,348,0.0024161067477159516
518,45,0.011541925082519196
518,395,0.0016592690783295528
518,414,0.015592908958308874
518,421,0.001556349756339998
518,430,0.0022715672668379427
518,448,0.0007561708571601932
518,457,0.002246391459443159
518,480,0.002089503684945032
518,487,0.0026813137879218556
518,504,0.001936733599922094
518,508,0.003481301122030126
518,515,0.0007206522984404301
518,543,0.0006797825600872551
518,585,0.04795494624917816
518,595,0.0007210932757975038
518,596,0.0014251584928597022
518,546,0.000770062555941213
518,602,0.002034913567831618
518,524,0.0030048380088626317
518,566,0.0018726949778285092
518,572,0.0032653670099823135
518,573,0.0032258064516129032
518,612,0.001956580293617516
518,532,0.0022715672668379427
518,579,0.001880511956305757
7,293,0.0016660325104454526
7,305,0.004275018673892994
7,339,0.003204961175673563
7,35,0.004780261387383307
7,444,0.004276755780221271
7,583,0.004275018673892994
293,49,0.0021686236531283172
293,155,0.0007727904039942969
293,570,0.002913916638422798
305,106,0.0010770059235325673
305,339,8.68553164139177e-06
305,583,5.211318984835062e-06
339,583,8.68553164139177e-06
339,444,1.0422637969670123e-05
35,536,0.0018196445206387515
35,383,0.0035706605239097778
35,289,0.0030618075022676096
35,389,0.007184200173343689
35,131,0.0029234325390149773
35,597,0.002095536315793721
35,338,0.0012339582086802236
35,87,0.0018528701825405041
35,89,0.004034779508391603
35,601,0.0019471879140059256
35,56,0.005038209038312623
35,439,0.0007124634738311584
35,615,0.0005712898963079022
35,195,0.0015297558813263535
35,198,0.002860814847987024
35,618,0.08539810769113684
35,243,0.00922373263698527
444,106,0.0010787430298608456
583,106,0.0010770059235325673
8,278,0.016024805878367816
8,434,0.049251848896789026
8,73,0.003210172494658398
8,98,0.030475574476656112
8,369,0.009630517483975193
278,215,0.012840689978633591
434,9,0.0014148562672659758
434,23,0.0013338369042848826
434,41,0.006228347049210116
434,67,0.004824045294544134
434,70,0.003666336010912225
434,88,0.0018260120983041796
434,116,0.003016984264826521
434,242,0.001273610813055016
434,275,0.0007961219835277319
434,288,0.0027338204572706646
434,317,0.0019184503719867699
434,323,0.00202547969488939
434,340,0.004350034043828142
434,343,0.0019760747202105184
434,350,0.002587164068464748
434,505,0.002401738453061792
434,584,0.0020000453397407037
434,597,0.002237729231312041
73,369,1.5633956954505185e-05
98,74,0.0032258064516129032
98,295,0.0032258064516129032
98,471,0.0033775138633312055
98,216,0.012617654238467162
98,99,0.009120784616292137
98,605,0.02125094407278883
369,173,0.0032258064516129032
369,304,0.0032258064516129032
9,317,0.0001370475688580862
9,288,0.00024613858494932527
9,206,0.0010736849790977277
9,289,0.00026676902511991763
9,249,0.0003329688195244242
9,593,0.00015263778308265515
9,550,0.00014745665540128892
9,131,0.00024183949730201683
9,446,0.0002488322923320626
9,89,0.0002723990976235341
9,15,0.00013152362893486508
9,340,0.00019548992052828752
9,248,0.0003251133177808549
9,229,0.00031375577215823143
9,56,0.0003593457773823237
9,570,0.00022406470063503954
9,189,0.0003329688195244241
9,107,8.633760395669882e-05
9,23,0.00023256591011236823
9,465,0.00011584890585512841
9,67,0.00018080006773537696
9,351,0.00010021541154095664
9,498,0.0026201134283724238
317,46,0.0019531608799584917
317,67,0.00036069425848589415
317,70,0.00043629665751175774
317,83,0.0002990492536967686
317,89,0.0001942306172574358
317,107,0.00025018018311611366
317,135,0.0011792965568151058
317,198,0.00022768961867724317
317,217,0.001892783309954425
317,229,0.0002822347864893496
317,288,0.0003903895057214545
317,289,0.0002847951814245673
317,550,0.0002672011727978366
317,584,0.0003100823523244675
317,505,0.00034180003552500824
317,324,0.0005128805209801731
317,446,0.0002222532430207075
317,372,0.0002506168105333286
317,340,0.00043673874917334987
317,343,0.0003062421481871125
317,576,0.00021230446837726592
317,350,0.00026239886827536383
317,404,0.0006487009905923845
317,617,0.0009557097832907145
288,23,0.00037355500644011447
288,67,0.001272916014583374
288,68,0.00018776244466958656
288,70,0.001323679974469352
288,419,0.0002969874976154682
288,83,0.00042684227225815626
288,89,0.0005716581888661955
288,130,0.0004423695681757794
288,131,0.00043586522948362114
288,208,0.00046815487440049936
288,157,0.0035581888707541622
288,189,0.0005326720301608272
288,202,0.00532521613271223
288,593,0.00027808899864463667
288,249,0.0005326720301608273
288,536,0.0007153315004678311
288,289,0.00045785659189212036
288,550,0.0004786992315838847
288,340,0.00028744552617878874
288,248,0.0013188320535559488
288,455,0.0029281089526885
288,342,0.0003395063167155117
288,323,0.0010908243980325637
288,570,0.0004993591855319297
288,459,0.00532521613271223
288,576,0.0003710708127011042
288,528,0.0032258064516129032
288,350,0.0008633411473972038
288,465,0.00021827282981532544
288,616,0.00043594909225915825
288,351,0.00019486851897502678
206,473,0.00026673009234870704
289,50,0.001953825404351816
289,56,0.000319364521270079
289,67,0.000783554720781267
289,87,0.00023572764211271573
289,128,0.0002756425315226565
289,157,0.0015305449356120611
289,217,0.0013003938500678843
289,229,0.0003370084542570097
289,238,0.0004076648465715426
289,122,0.0025615263845366254
289,597,0.00033434204757982756
289,505,0.0006418829456476577
289,510,0.0003069654398097685
289,343,0.0003546993392835447
289,601,0.00023540424366850268
289,340,0.0005866505932946258
289,248,0.0009775530202691441
289,325,0.0004542337833786098
289,351,0.0001542262187110578
249,67,0.0007501182634883102
249,70,0.0010036926966167556
249,340,0.0006082084707104649
593,67,0.0004613110808930324
593,70,0.0005042344260896877
593,116,0.0003300281350426528
593,245,0.0001665859793278827
593,323,0.00021405706457766133
593,558,0.00013326769874615678
593,576,0.00021773636726369458
593,340,0.00031702656464584406
593,597,0.0005304181156262375
593,505,0.0004094680653509982
593,343,0.00018449310287170208
593,275,0.00013452356796780202
550,46,0.0004605581320932677
550,67,0.00035044384750927915
550,70,0.0005460505216432699
550,88,0.0003051955984811487
550,107,0.00016176846604325042
550,238,0.00039345661649421975
550,361,0.00023865889382316117
550,323,0.00022924550200942802
550,340,0.0004916152125668175
550,343,0.0003495564457955731
550,355,0.00022633163951160112
550,372,0.00021514794144255543
550,248,0.0004710263463550895
550,474,0.00130191517548775
550,505,0.00033649480885316935
550,578,0.0004261451022449473
550,584,0.00031994997225135786
131,50,0.0022699222756308026
131,56,0.00028296595121023334
131,67,0.0007415978141391869
131,87,0.00020027682527745045
131,128,0.0002564135955775433
131,122,0.0038800807862382843
131,157,0.001844313935742407
131,597,0.00031234647612683286
131,505,0.0005954197906871794
131,510,0.0002863687149455266
131,217,0.0012704951779704005
131,343,0.00033137197245159533
131,601,0.0002135290664799701
131,340,0.0005553814862582779
131,248,0.0009321491253792173
131,325,0.0005777240870054951
131,229,0.0002994317985795446
131,238,0.00034776104457757886
131,351,0.00013662789537393955
446,89,0.00034341231313361384
446,116,0.00032597873624656625
446,128,0.00011097509788221973
446,135,0.0004767398623733161
446,208,0.00024964935323602285
446,229,0.0002316275114098522
446,314,0.0032258064516129032
446,340,0.0007349390758045788
446,350,0.00021456272218348568
446,389,0.0006291397758199835
446,404,0.0002775672500838779
446,558,0.00016351959553403462
446,584,0.00023275378438596296
446,616,0.00020567256166048432
446,505,0.0006887766088781852
89,32,0.00046301390767625964
89,34,0.0006011847773718271
89,54,0.0005107665736840722
89,56,0.00023927073853888383
89,67,0.0008924941370565931
89,70,0.0007210106529443401
89,419,0.0003434541526821653
89,83,0.0003848594391544756
89,87,0.0001536184627163416
89,245,0.0002988335487862926
89,155,0.0006021571920968797
89,597,0.0004223928854543272
89,505,0.0007419285366596662
89,432,0.0013949365434426772
89,324,0.0005218351555638569
89,128,0.00027619298081306626
89,300,0.0013338344708105818
89,343,0.00038925819823868856
89,136,0.00045077709323204255
89,116,0.0003660425488529507
89,558,0.00026906735429582527
89,601,0.0003060474295029423
89,221,0.0007133040836285023
89,340,0.00067634636283643
89,248,0.0010511800775992726
89,569,0.0008924654005647846
89,275,0.00025268519659994465
89,570,0.00037580359530568584
89,584,0.0006011078208766798
89,217,0.001901030762024321
89,350,0.0003810595672749128
89,465,0.00024021332323669219
89,351,0.00019001509751569265
15,70,0.00039598842018476833
15,340,0.0004492336702449622
15,67,0.00033682119402762964
15,454,0.00018072424309762894
15,505,0.0002934746580665139
15,43,7.102221117811829e-05
15,432,0.0002995753995271625
15,56,0.00035803953925720144
340,23,0.0005939316143192549
340,43,0.0006459782581040113
340,50,0.002870484202338591
340,56,0.0011889086733932986
340,67,0.000861363511863073
340,68,0.00022448455738461527
340,70,0.0010902033969357513
340,87,0.0008147952623666965
340,107,0.00046032574231049474
340,130,0.0007130169394749102
340,208,0.0008079322998059504
340,170,0.0012667108339531885
340,181,0.0033271246154913158
340,189,0.0006082084707104651
340,445,0.0013661392590666648
340,195,0.000923316291436025
340,198,0.0007375283590749924
340,202,0.011072945778064369
340,229,0.0010146241546263692
340,245,0.0006533746244018882
340,323,0.0011270256458397348
340,570,0.0006574685896371537
340,473,0.0007114886950992679
340,355,0.0012077677949038316
340,505,0.0009748980765288178
340,342,0.00048735986556005905
340,440,0.00246123580822617
340,343,0.00020930326129975946
340,601,0.001141525785382331
340,248,0.0014815492965468654
340,568,0.0022668503488335137
340,459,0.011072945778064369
340,351,0.00027178204399978464
340,39,0.0019480057740019147
340,465,0.0003109449008504457
340,616,0.0005715069295509839
340,581,0.0020332943502976496
340,498,0.010140524940069822
248,67,0.0008903374386154589
248,70,0.0005687514104542616
248,116,0.001028410654821432
248,181,0.000713730813006715
248,224,0.008136494690981726
248,242,0.0004688213506231553
248,269,0.007811092211445296
248,291,0.0010296499985696771
248,343,0.000983988961888325
248,381,0.0032258064516129032
248,416,0.0010296499985696771
248,499,0.008043201566998946
248,505,0.0004788841878172807
248,599,0.0003186808568192009
248,498,0.003056564618584524
229,43,0.0002479052552601467
229,56,0.0004210351551954618
229,67,0.0007514019137453932
229,70,0.0009612862430268766
229,87,0.00031974571571253613
229,111,0.0003814534770387632
229,136,0.00032600038165953645
229,445,0.0008859417674594006
229,198,0.00028097391299071337
229,217,0.002610822074610375
229,597,0.0004961489092550175
229,505,0.000691581059638763
229,389,0.0008325015730838174
229,509,0.0018554886371323393
229,436,0.0009239646210680436
229,549,0.0004528865401712367
229,396,0.0032258064516129032
229,361,0.0002341601757972237
229,440,0.0013569904631825242
229,554,0.0015235379479537534
229,576,0.00015939620211536258
56,68,0.0002645980302578715
56,383,0.0020300451206552825
56,116,0.000499280601063149
56,70,0.0006303172394852407
56,597,0.0005221978267238483
56,505,0.0008694542631078349
56,389,0.0013962578658556438
56,479,0.0004441825268395653
56,359,0.002430847966915031
56,128,0.00043010641467467576
56,439,0.00017607829602391318
56,130,0.0004482237482966294
56,217,0.002501097819439812
56,338,0.0005530166853768592
56,584,0.0007879438843617471
56,87,0.00012871253352831694
56,601,0.00038766826999957573
56,375,0.0005254004236166865
56,198,0.00020014775817711478
56,102,0.00045896333059269444
56,60,0.00043445075541790544
56,235,0.0039997533181862985
56,577,0.0018750482438923803
56,350,0.0005331583440234838
56,465,0.0002916909441729445
56,238,0.0005162235165856737
56,195,0.0002243019146362765
56,616,0.0004131535435182205
56,617,0.0011915318683661427
56,244,0.003553886958460981
56,351,0.00024344844679185702
56,67,0.0009544170218942187
570,67,0.0007429321769905106
570,70,0.0008073890498851356
570,419,3.122119789507535e-05
570,128,0.00013113911858642272
570,155,0.0001195354533536949
570,505,0.000559768584145614
570,343,0.0003343894919673601
189,67,0.0007501182634883102
189,70,0.0010036926966167559
107,67,0.00028347779907073777
107,70,0.00029673751208264136
107,383,0.0014507737179241644
107,291,0.0004001398484151696
107,505,0.00025025767772898143
107,416,0.0004001398484151696
107,498,0.0018498492670799224
23,128,0.0002924139184814352
23,257,0.0002857077827213948
23,277,0.00045288344317093
23,157,0.001344399140819144
23,343,0.0002982274027484406
23,54,0.00032500614255050425
23,67,0.0008267729950246099
465,41,0.001714186846213128
465,67,0.0003041242187969545
465,70,0.00025612124426999285
465,419,0.00014013076389074068
465,83,0.0001675659659185238
465,128,0.000193933305718605
465,343,0.00016611022497212873
465,372,0.00020183459156849852
465,505,0.00015139692464648529
67,43,0.0003486761160148266
67,46,0.002419215797697218
67,50,0.0036834782830101297
67,245,0.0006208627941501554
67,419,0.0006240646584665782
67,68,0.0002662114189959
67,70,0.0005959475976501658
67,291,0.0013294891105971494
67,505,0.00020882050929088556
67,389,0.003853486902266281
67,253,0.005620144397894393
67,323,0.0009953099909966773
67,440,0.002620126665059753
67,445,0.001532482242621244
67,198,0.0007987513365063514
67,181,0.0022947571949570693
67,338,0.0011441964053476685
67,372,0.0008672325200504247
67,183,0.001292464763608382
67,325,0.0009851118304568234
67,146,0.0074900755598496065
67,102,0.0008169418057385486
67,577,0.002597264274876601
67,410,0.001540861021612996
67,578,0.0016404801085965841
67,531,0.0009287856273330893
67,469,0.002205657332467794
67,351,0.0003512491102812948
67,416,0.0013294891105971494
67,498,0.0058089120587777815
351,342,9.735475964571137e-05
498,526,0.004617123928835334
498,64,0.0032258064516129032
498,69,0.0024825075247348802
498,70,0.005421363961037058
498,88,0.0012898819677448345
498,232,0.002339848731929639
498,112,0.0012843707419022115
498,146,0.0027954722598928154
498,148,0.009988600007110193
498,162,0.0024490205148186444
498,225,0.0026267856633083995
498,242,0.0020091777625524487
498,253,0.0018397089954148486
498,460,0.003706266089096476
498,290,0.0035566968453796125
498,323,0.0009734173020405352
498,337,0.029015418365381834
498,354,0.001633493517804563
498,385,0.0015008884345550806
498,469,0.0008517782647348316
498,474,0.0022649096518460757
498,505,0.002703840296910876
498,587,0.0030141144732271264
498,571,0.0030141144732271264
498,530,0.016024805878367816
498,563,0.004785369210244585
498,511,0.0032258064516129032
10,393,0.0016748880689657192
10,258,0.0037049141668685603
393,190,0.0032258064516129032
393,618,0.009955105333688177
393,415,0.0032258064516129032
258,181,0.0025442324820611466
258,224,0.0006022645503913779
258,235,0.001004194323805986
258,363,0.0003110550834635814
258,403,0.00028075384126694165
258,476,0.001945317690824447
11,212,5.211318984835062e-06
11,485,1.7371063282783538e-05
11,264,0.0031780360275852487
11,380,7.990689110080428e-06
11,174,1.3028297462087654e-05
11,259,6.253582781802074e-06
212,485,1.7371063282783538e-05
212,174,1.3028297462087654e-05
212,264,0.0031780360275852487
212,380,7.990689110080428e-06
212,259,6.253582781802074e-06
485,525,2.1713829103479425e-05
485,115,0.001625931523268539
485,264,0.004757934233154411
485,145,1.3028297462087654e-05
485,174,3.0399360744871195e-05
485,259,1.9281880243889728e-05
485,241,2.171382910347942e-05
485,380,1.2333454930776312e-05
264,14,0.006441190265256136
264,57,0.05036218666944604
264,145,0.004773568190108916
264,174,0.003170219049107996
264,241,0.003192801431375615
264,259,0.003179946844546355
264,525,0.003192801431375615
264,318,0.009586221272604098
264,380,0.0031756040787256595
380,145,1.650251011864436e-05
380,174,1.580766758733302e-05
174,318,5.99301683256032e-05
174,259,1.4070561259054668e-05
12,548,0.011008513473799194
12,618,0.016845190736814467
12,310,0.0032258064516129032
548,105,0.0031914543107743596
548,267,0.0032258064516129032
548,219,0.0032258064516129032
548,556,0.0032258064516129032
618,216,0.06881085753641367
618,234,0.0032258064516129032
618,471,0.004934192279771373
14,326,0.0032258064516129032
70,526,0.0026384541451992347
70,50,0.005299183530335434
70,68,0.0003185521790506225
70,383,0.0048388279423478685
70,205,0.0032258064516129032
70,72,0.0030829146326439363
70,505,0.000465330386908771
70,323,0.0012975608618266998
70,536,0.001058914840968805
70,439,0.0006203641415936718
70,170,0.0014295204317821063
70,473,0.0007970665925824535
70,116,0.0009545067143367642
70,599,0.0005342687077795545
70,181,0.0012508923954032702
70,601,0.0012566488253761045
70,269,0.010165082842944387
70,403,0.003012794411688255
70,342,0.0008043827631176461
70,275,0.00047241857505288655
70,102,0.0007341537239947526
70,235,0.002409360080842557
70,577,0.002117645912441388
70,616,0.0007085155718484251
70,244,0.0032609149942400117
454,389,0.00042138330024872985
454,432,0.00010777503976732706
505,43,0.00032347559613928165
505,68,0.00022869112352956334
505,146,0.004192449752555292
505,198,0.0006895895901128151
505,253,0.0038440311986260786
505,269,0.0045198016257424825
505,325,0.0007386561767771672
505,338,0.0008222462540131995
505,410,0.0008792942837211481
505,469,0.0015265092521757142
505,592,0.0032258064516129024
505,599,0.000370783125990155
43,253,0.001544582077819241
43,102,0.000244759436470559
43,360,0.000343870617159356
43,577,0.000621852311000601
43,39,0.0006020277968347431
43,83,0.00015537329231133496
432,130,0.0005063599046742401
432,159,0.00017115576424510333
432,198,0.0010972875777210196
432,260,0.0030581874802005347
432,364,0.00025768441288232414
432,375,0.0001663891411087157
432,386,0.0002052792327324898
432,389,0.001397686319388449
432,479,0.00013716811264806371
16,516,7.816978477252592e-06
16,119,5.211318984835062e-06
16,400,5.211318984835062e-06
16,545,0.0018963706992109854
16,334,7.816978477252592e-06
16,237,5.862733857939444e-06
16,374,0.0018963706992109854
16,117,1.0422637969670123e-05
16,274,5.211318984835062e-06
16,613,1.910816961106189e-05
16,466,0.00034444402896938707
16,75,0.0003108267226014848
516,21,0.00045402956681376427
516,75,0.0003563747500775112
516,237,8.468393350356975e-06
516,274,7.816978477252592e-06
516,374,0.0017345526885713094
516,400,7.816978477252592e-06
516,117,1.3028297462087654e-05
516,466,0.0003943500220158551
516,334,5.211318984835062e-06
516,119,7.816978477252592e-06
516,545,0.0017345526885713094
516,613,2.3490415121036833e-05
119,75,0.0003108267226014848
119,237,5.862733857939444e-06
119,274,5.211318984835062e-06
119,374,0.0018963706992109854
119,400,5.211318984835062e-06
119,117,1.0422637969670123e-05
119,466,0.00034444402896938707
119,545,0.0018963706992109854
119,334,7.816978477252592e-06
119,613,1.910816961106189e-05
400,75,0.0003108267226014848
400,237,5.862733857939444e-06
400,274,5.211318984835062e-06
400,374,0.0018963706992109854
400,545,0.0018963706992109854
400,334,7.816978477252592e-06
400,117,1.0422637969670123e-05
400,613,1.910816961106189e-05
400,466,0.00034444402896938707
545,84,0.0010854072014111476
545,101,0.017521373398379288
545,124,0.0002787255579855275
545,144,0.00040828938728265483
545,150,0.0007540949677798308
545,152,4.545954621518747e-05
545,237,0.0017274057590917573
545,284,0.001613140103942126
545,274,0.0018963706992109854
545,329,4.004179668113035e-05
545,353,0.0004109810057517914
545,382,0.0008253623840678922
545,117,0.0017318641217314056
545,441,0.007104476765457244
545,311,9.108753910463225e-05
545,334,0.0017345526885713097
545,609,0.0010854072014111632
545,613,0.001194536468218551
334,21,0.00045402956681376427
334,75,0.0003563747500775112
334,237,8.468393350356975e-06
334,274,7.816978477252592e-06
334,374,0.0017345526885713094
334,117,1.3028297462087654e-05
334,466,0.0003943500220158551
334,613,2.3490415121036833e-05
237,75,0.00031017530772838037
237,117,1.1074052842774506e-05
237,374,0.0017274057590917573
237,274,5.862733857939444e-06
237,613,1.9759584484166275e-05
374,84,0.0010854072014111476
374,101,0.017521373398379288
374,124,0.0002787255579855275
374,144,0.00040828938728265483
374,150,0.0007540949677798308
374,152,4.545954621518746e-05
374,284,0.001613140103942126
374,274,0.0018963706992109854
374,329,4.0041796681130346e-05
374,353,0.0004109810057517914
374,382,0.0008253623840678922
374,117,0.0017318641217314056
374,441,0.007104476765457244
374,311,9.108753910463225e-05
374,609,0.0010854072014111632
374,613,0.001194536468218551
117,75,0.0003592409755191705
117,137,0.0004838183083644527
117,274,1.0422637969670123e-05
117,613,2.0758420622926328e-05
117,466,0.00039724519922965237
274,75,0.0003108267226014848
274,613,1.910816961106189e-05
274,466,0.00034444402896938707
613,75,0.0006003337778043548
613,124,0.0008149197143110596
613,150,3.750405369766099e-05
613,263,8.14702867962548e-05
613,466,0.0006620850924740126
613,311,0.0012622638751767677
75,75,0.0
408,418,0.002317080856508556
408,581,0.0002157754225486451
408,143,0.00018023068650159364
408,599,0.00045682639415572983
418,138,0.0018323199977593539
418,166,0.003497511601671697
418,440,0.0023368580471204692
418,506,0.0032258064516129032
581,32,0.00021722321742409054
581,140,0.0002091280723799414
581,143,0.0003632061756717304
581,172,0.00018711227194528386
581,300,0.00034563600127923477
581,397,0.0009713957661729718
143,114,0.0019549977132353497
143,134,0.0014757881002390465
143,407,0.003076261210070036
143,397,0.0006085192780617008
143,184,0.0007613243251567668
143,172,0.0001167945876822905
143,456,0.00011646470737616706
143,580,0.00045789997525248706
599,172,0.00018125799409749076
599,269,0.0013170220389264451
599,346,0.0002670314067184797
20,324,0.001032039973053872
20,355,0.0007997163161576744
20,481,0.0032258064516129032
20,238,0.002741652234346709
20,242,0.0019671575811847438
20,160,0.0005228494917813301
324,422,0.0015953785287863577
324,372,0.00014741259219778046
324,616,0.00024174013671453948
355,130,0.00016086843848390564
355,198,0.0005917129022012074
355,616,0.0003374565222995218
238,198,0.00030732264291128417
238,449,0.0034330285409525426
238,616,0.0003033799568224665
238,325,0.0004968135392894558
242,68,0.00013190725482200669
242,323,0.00038018286634390293
160,383,0.0031514025916579056
21,441,0.0031594397188934717
21,329,0.0008332464974850544
441,144,0.0022045534599966464
441,152,0.0012435658526294487
441,220,0.034056635708947174
441,137,0.0024299841283410705
441,329,0.0020503186848845134
441,353,0.0020135481025206708
441,311,0.004376434414497198
329,84,0.0010554658050619138
329,101,0.005880207944307895
329,150,0.000744518176022578
329,152,1.2594020880018065e-05
329,137,0.0003891874624920087
329,609,0.0010554658050619288
329,382,0.0007929890388590685
329,311,5.1371952551749846e-05
22,270,0.00018247151903437933
22,187,0.002382964236703562
22,104,0.0011869399770387595
22,22,0.0
22,420,0.00018247151903437933
270,187,0.0030381236135936882
270,420,5.211318984835062e-06
187,104,0.001808839922736538
187,420,0.0030381236135936882
187,217,0.014650315475353927
187,514,0.0032258064516129032
104,253,0.00208846435357095
104,290,0.00031469215052902966
104,563,0.001207251842881903
104,469,0.0010199733164555035
128,419,5.976482770721359e-05
128,373,0.0004318961966594554
128,576,0.00013677458069976585
128,404,0.00014629404836823283
128,208,0.00016457925272192917
128,135,0.00028136232604300754
257,87,0.00030433968426697337
257,157,0.0009127698954486027
257,195,0.00025772401083813527
257,616,0.00026911588634529127
157,585,0.010567324260895952
157,604,0.006441190265256136
157,510,0.0008207657003285031
343,419,0.00020071933173040874
343,208,0.00031172158885116964
343,202,0.0037097006564465376
343,342,0.00021772186941206072
343,536,0.0004027897229404588
343,558,0.00028646198352075096
343,372,0.0003647266447575864
343,459,0.0037097006564465376
343,616,0.00027294293739993315
54,275,0.00011784762136707604
54,536,0.0002641351832762271
24,547,6.609821178063398e-05
24,230,8.433782822755669e-05
24,502,2.4058922646655202e-05
24,306,0.0007696426676020608
24,501,0.0019130393101142685
24,591,0.0019047880550549469
547,108,0.0017489003478315319
547,147,1.8847603661820137e-05
547,230,1.563395695450518e-05
547,306,0.00121765925403575
547,501,0.001420422595729439
547,502,0.00011150543911347435
547,527,1.737106328278354e-05
547,591,0.001421359806779231
230,26,0.0032258064516129032
230,28,0.0012124879116915252
230,108,0.0037667832927986626
230,147,2.2321816318376846e-05
230,501,0.0032031323109061607
230,502,0.000139299140365928
230,438,0.0012124879116915267
230,306,0.0012385045299750902
230,279,9.58080951827369e-05
230,527,2.0845275939340243e-05
230,591,0.0032066751814483685
502,147,0.00011819329847734604
502,213,0.0032258064516129032
502,501,0.006048915162500458
502,502,0.0
502,126,4.038772213247173e-05
501,147,0.0018000279243231443
501,279,0.0030420072397246817
501,126,0.006103230965131013
501,527,0.0023352576727740026
501,605,0.028735833063148888
591,147,0.0018222446878943465
591,605,0.011321925701575903
25,363,0.0032258064516129032
363,526,0.0028040546449660812
363,181,0.004549218776642447
363,224,0.0005259619458111696
363,235,0.0014720131769156725
363,401,0.0032258064516129032
363,388,0.00018538799520649818
363,368,0.0003923403519785348
27,424,0.0032258064516129032
424,31,0.006110629685950169
424,164,0.0010706198628029834
424,480,0.000580113729185493
424,256,0.0005485902698556439
424,348,0.0008096997038969492
424,118,0.00045393265355480667
424,491,0.00018307316965315607
28,147,0.0012072765927066901
28,527,0.0008060419472146834
147,108,0.0023749834324707027
147,438,0.0012072765927066916
147,126,0.00029757157799265244
147,527,1.650251011864436e-05
147,279,8.79911167054843e-05
527,108,0.00245753591109316
527,438,0.0008060419472146836
29,49,0.0032258064516129032
49,512,0.0032258064516129032
49,71,0.01390829541508783
49,196,0.0032258064516129032
49,188,0.0032258064516129032
30,126,0.0032258064516129032
31,285,0.0016717091037214003
31,543,0.0023514987346474527
31,357,0.010649024109672731
31,507,0.003587291960070104
31,508,0.01073209884137805
31,491,0.0047494426004993555
31,169,0.04049385442871927
31,595,0.0026266179889255993
31,41,0.04354494965223003
31,63,0.007263534932966852
31,327,0.002570826138928223
31,266,0.0012366968406785457
31,48,0.0020642808057081516
31,179,0.02538652053306282
31,546,0.0026253151591793906
31,142,0.010125813457887657
31,449,0.042942151631251806
31,269,0.024393071626995118
31,524,0.017893209623978952
31,488,0.003251627419572757
31,515,0.002536463170880658
31,193,0.008712168996226986
31,315,0.002075029279611228
285,62,0.002134697395000434
285,193,0.0002540286650359344
285,282,0.000655602223900712
543,357,8.154247822807933e-05
543,164,0.00047446391661180073
543,347,0.00036825684121649617
543,524,0.00010209786044899912
357,504,0.0007097523605699177
357,118,0.0006008615956268
357,430,0.0009542391847749571
357,524,0.00020123087889160012
357,508,0.0004410064910598386
357,164,0.0018329524939029607
357,165,0.0004882446395057528
357,127,0.0006600991168992693
357,395,0.0005291125098592662
357,596,0.0003649046399313114
357,79,0.0004766864131397397
357,515,9.95446025356254e-05
357,48,8.408435621394798e-05
357,448,0.0003918215668620554
357,179,0.0013479067746979161
357,335,0.0009077315110093191
357,307,0.0004715872263189198
357,491,0.0001500804187750405
357,572,0.001322069675318544
357,313,0.0005489280212392978
357,63,8.21265084264464e-05
357,45,0.0036996452385397427
357,532,0.0009542391847749571
507,79,0.0004961133221446029
507,85,0.0008539796368656342
507,118,0.0005041344519981036
507,164,0.0008668671289937223
507,546,6.851172633684058e-05
508,47,0.012840689978633591
508,164,0.0019680166736673064
508,328,0.0004953530660211314
508,395,0.0004769842801292852
508,491,0.0003240604195377731
491,79,0.0005584886321866615
491,123,0.0004923456530644434
491,142,0.0004380404817315113
491,164,0.0008931553023608426
491,179,0.0005650458917895698
491,328,0.0005171336428597974
491,421,0.0004644216312998886
491,566,0.0006840146032793593
491,612,0.0006880717140251966
491,579,0.000678477576857971
491,515,8.303743047657134e-05
169,62,0.00040958904269593796
169,109,0.000971136027480841
169,181,0.007130519771296622
169,397,0.004427092495328765
169,282,0.0014812992845257963
595,79,0.00036845023608946805
595,164,0.0005545173446069941
595,421,0.00036264677736994294
595,546,6.514148731043827e-06
41,594,0.0008443386602244894
41,397,0.004833635258957742
41,62,0.00048454721450759934
41,193,0.0014000415591009304
41,109,0.0012412325203720632
41,321,0.0020748035111593614
41,121,0.0015753592114755126
41,282,0.0016977283049521893
63,139,0.000825767937433524
63,448,0.0002582037534346551
63,572,0.0010594688300922328
63,504,0.000579320491120904
63,602,0.0007419154605996482
63,45,0.0031035120534232854
63,164,0.0014062672233747264
327,164,0.000549297272535642
327,480,0.0005614003564672217
266,62,0.0024115376702009343
48,524,0.00011015412654509617
48,164,0.00043076294547434195
179,123,0.0006211727533083261
179,164,0.0038875496028639668
179,165,0.0006250812425469523
179,347,0.0006207603371352164
179,596,0.0004919006595302725
179,605,0.03556367807058674
179,524,0.0014230160336844513
179,292,0.0011874141986860307
546,79,0.00036627885317912006
546,164,0.0005532145148607853
546,421,0.000367858096354778
546,546,0.0
142,99,0.014887769103407804
142,164,0.0018068526132472053
142,596,0.00046247576183860626
142,524,0.0011422246977986846
449,411,0.0032258064516129032
449,62,0.0004173972298391286
449,193,0.001309990527041931
449,282,0.0015186073271673843
449,553,0.002166369306096163
269,62,0.0006993722929014446
269,72,0.0014288688898719977
269,410,0.0008983988774209726
524,123,0.0005155579958617904
524,127,0.0006893518602069401
524,164,0.002960506654897039
524,165,0.0005013970159912892
524,191,0.0009602266484204535
524,307,0.0005157819754840415
524,313,0.000576508816831372
524,315,0.00012785102576128685
524,328,0.0005781280482971984
524,347,0.00043645292848601045
524,45,0.003995173995687133
524,395,0.0006038682415017563
524,421,0.0005110228700172689
524,428,0.0032258064516129032
524,457,0.0009794149921697442
524,586,0.0032258064516129032
524,541,0.0032258064516129032
524,551,0.0032258064516129032
524,596,0.00035258763753501525
524,488,0.00020701321722259232
524,566,0.0007230623434457937
524,579,0.000709289571843015
488,164,0.0007185304866452561
488,313,0.0004888441702541249
488,347,0.00042726079095416154
488,596,0.00039212757899312247
515,164,0.0005169488966324329
515,612,0.0005591500141783136
193,62,0.0011306351895429428
193,146,0.00783198230259098
193,433,0.0013826501886512806
193,273,0.0032258064516129032
193,282,0.000993151051233904
315,164,0.00044221415784658614
32,183,0.0003228324974715204
32,364,0.00010462477075510047
32,159,7.47738203218256e-05
32,300,7.496805438042466e-05
183,50,0.0009325274278979309
183,166,0.0005572257916575848
183,459,0.0024707937341478772
183,202,0.0024707937341478772
364,282,0.0011018707710759306
364,360,0.00015288972395862915
364,397,0.000329401872229926
364,458,0.00011393985359884456
159,360,8.369556662258895e-05
159,397,0.00039135109227677543
159,375,6.752636422619214e-05
159,458,6.15736966936639e-05
300,303,0.0032790507521751515
300,564,0.0032258064516129032
164,256,0.0007969666415339004
164,176,0.014644917280797427
164,337,0.027542090971380658
164,307,0.0008580964469264697
165,165,0.0
165,596,2.3450935431757777e-05
127,347,4.625920515232099e-05
596,328,6.820867759563446e-05
79,414,0.0007787095172868431
79,85,7.351462424427239e-05
448,297,0.0005444926636910489
448,572,0.0007942847498630392
448,585,0.004418401650841368
448,602,0.000448977423181636
448,487,0.000544492663691049
335,85,6.830330525943733e-05
335,292,0.00014314235507549106
335,307,0.00017848337591333657
335,414,0.0005425741245247423
307,292,0.00012769072509173052
572,19,0.0032258064516129032
572,572,0.0
45,191,4.10224340601119e-05
45,461,0.01919849914013237
526,552,0.0009732602742419602
526,517,0.0009432880702681548
526,181,0.0007493617619415633
526,558,0.0011170917451654638
526,519,0.0010074529849390971
526,462,0.0032258064516129032
526,224,0.0011833442295457357
526,235,0.00029932596881183503
526,536,0.0011515824907943073
526,403,0.0003981465670872876
526,195,0.0018578070964252544
526,388,0.0024076584050007825
526,87,0.0032494482904069305
552,181,0.0015217802266781256
552,224,0.0002170160099680155
552,235,0.0005376025140643348
517,181,0.0014877647834957517
517,403,0.0001268972180369322
517,224,0.00021883301971527237
517,235,0.0005179693248862343
181,109,0.0009783428564169307
181,235,0.0006187208127903738
181,476,0.0005489911923324082
181,320,0.0005522455202891907
558,116,0.000230812733455324
558,136,0.00016575970608354842
558,198,0.00027793502283677266
558,536,0.00017461757793461874
558,616,0.00010688285835043245
519,584,0.002325009490622485
224,244,0.0005082578604695413
224,262,0.0021505740523620528
224,235,0.0006233748669650134
224,376,0.0032258064516129037
224,443,0.006441190265256138
224,388,0.0006327600514056158
224,470,0.00022306337534980158
224,569,0.001680243295656907
235,244,0.0001404055471627079
235,368,0.0006399544823465943
235,354,0.0012499852456942244
235,578,0.0011599733266285828
235,472,0.0018929403927896668
536,116,0.0003870436161563935
536,136,0.0003495209604997509
536,302,0.0003078031737899174
195,217,0.0013434640384753103
195,350,0.0003219899982325547
195,597,0.0002613059038860105
195,175,0.0002669402312112512
195,389,0.0006990214881157356
87,389,0.000890756147678938
87,479,0.00029315372708002264
87,597,0.0002476817189117394
87,338,0.00040919790961265113
87,175,0.0003242544162958989
87,217,0.0014564445709219186
87,601,0.00018939464077778254
87,375,0.00034698760640510955
87,576,0.0002660388968449188
87,350,0.00028660891031239956
87,439,0.00010758003215089535
87,616,0.00026913648742261725
87,580,0.0004858219071532488
87,198,0.00014219151825069752
34,419,7.048748291133729e-05
34,373,0.00028496678125933494
34,208,0.00017012110661035332
419,155,7.263697785459247e-05
208,136,0.0002343610436121425
208,601,0.0004874460736697263
208,455,0.0002976974989244027
383,170,0.0007123108345065933
383,442,0.01762697629202272
389,37,0.0032258064516129032
389,50,0.002105730960279486
389,60,0.00028514410556392417
389,82,0.0025951005578323527
389,111,0.0003856175907659038
389,114,0.0066605114675863854
389,136,0.0006219173349162104
389,177,0.0011136164047382499
389,554,0.0008741385879401136
389,298,0.0017983892492552493
389,312,0.00045960571384164446
389,321,0.001076714043828527
389,350,0.0009989233807031082
389,360,0.0005117816387083757
389,372,0.0006213244708201684
389,458,0.0006495775042966516
389,451,0.0010338811437100965
389,531,0.00039310749045898453
597,130,0.0002806756285702191
597,198,0.00024806685634922224
597,217,0.0018860392625447947
597,453,0.0021936383502025435
597,342,0.0003928713053140792
597,399,0.006441190265256136
597,413,0.000490757246817139
597,601,0.00023157489595169778
338,607,0.0032258064516129032
601,167,0.0032258064516129032
601,198,0.00020597014697278
601,217,0.001582075884846387
601,247,0.0032258064516129032
601,576,0.0002166466275247413
601,589,0.0014133193252705476
601,616,0.0003317306217874601
439,60,0.00012904332896848173
439,136,0.00019412622325861852
439,217,0.000633679336880893
198,60,0.000288147176365838
198,68,0.00018887659996384855
198,116,0.00039735601136627367
198,245,0.00021090291947351757
198,217,0.0012387328088162845
198,372,0.0002827253436755795
198,102,0.0003705370721372526
198,577,0.0014154933120165715
198,350,0.00030381329271202926
198,580,0.00046060403122612003
243,116,0.004027888957014341
243,521,0.04882922272633071
36,490,0.0032258064516129032
490,33,0.006441190265256136
240,72,0.0016760582955769943
240,563,0.0024025722080745064
397,114,0.005131187782658223
397,133,0.003364929055186099
397,184,0.0020365521355492594
397,261,0.0006212454179757268
397,600,0.0032258064516129032
62,392,0.003624325865137718
62,282,0.0006687212367915925
109,320,0.0005373876353661908
321,135,0.000620553900905164
321,404,0.00021921119757003604
121,433,7.445149169988436e-05
121,553,0.001093368622462439
282,236,0.0032258064516129032
282,392,0.0008144938463287009
282,341,0.0008760648587722804
42,467,0.0032258064516129032
467,358,1.8673893028992303e-05
467,494,9.597512463737905e-05
253,69,0.0006190438541205813
253,91,0.0025279640546735822
253,232,0.0004921176634630196
253,529,0.007789887049506029
253,146,0.0017677675453331581
253,148,0.002628244266165138
253,225,0.00042045772450721296
253,354,0.0006019649724676853
253,563,0.0008977284066039789
253,469,8.48570443153471e-05
253,323,0.0009944364564606774
102,217,0.0011393204707242585
102,554,0.00043831449665027454
360,135,0.0002337278797382268
360,298,0.0007520572414128441
360,479,7.965817616416275e-05
360,404,0.000187061029467049
360,568,0.000475385398107556
577,217,0.0033549743724937266
577,554,0.000616727614437343
39,250,0.00100509446256218
39,509,0.00022876489251820345
39,576,0.0006734979316528069
180,496,0.0032258064516129032
180,331,0.022361769763927248
180,209,0.012840689978633591
180,520,0.0032258064516129032
331,78,0.004366141833226518
331,154,0.021148475916525918
209,33,0.0096461514409297
46,417,0.0006501305001062528
46,86,0.0006501305001062528
46,578,0.0003010715019400852
46,110,0.0006501305001062528
417,578,0.0025756759515066473
86,578,0.0025756759515066473
578,50,0.0009515937447088652
578,110,0.0025756759515066473
578,588,0.0001911684552251744
47,475,0.0032258064516129032
47,500,0.006441190265256136
500,513,0.0032258064516129032
71,495,0.012840689978633591
50,544,0.001405116774707953
50,171,0.0035982342429962317
50,483,0.0096461514409297
50,562,0.0032258064516129032
50,330,0.001622731608577149
544,135,0.00044809389368628355
544,404,0.0016404863774891257
171,82,0.0011506443191745465
171,406,0.0032258064516129032
171,202,0.0018283759537199703
171,459,0.0018283759537199703
483,156,0.0032258064516129032
483,76,0.0032258064516129032
330,436,0.0018092785336786142
52,113,0.0017416757331723811
52,494,0.0014841307184405188
113,559,0.0028205151523291515
113,358,7.104764882658466e-05
113,494,5.028922820365832e-05
113,319,0.0001407839090935348
113,222,0.0008729097222343929
113,522,1.670310453988603e-05
494,149,2.8401688467351086e-05
494,222,0.0007747646973321119
494,319,0.00021165784728729165
494,332,0.0032258064516129032
494,358,2.866225441659284e-05
494,522,7.958635362356243e-05
494,598,4.924696440669132e-05
53,122,0.0032258064516129032
275,116,0.0001015904015738077
275,584,0.00010015881640905067
55,210,9.03295290704744e-06
55,158,6.948425313113414e-06
55,154,0.0002574885687894951
55,437,0.0036151320752600053
55,252,9.03295290704744e-06
55,78,2.6056594924175308e-05
55,452,9.03295290704744e-06
55,214,0.000736448878975764
210,78,2.9878228846387682e-05
210,154,0.0002604416495475683
210,158,7.295846578769087e-06
210,252,5.211318984835062e-06
210,437,0.0035209640997783155
210,452,5.211318984835062e-06
210,223,0.0006372432951420672
158,78,2.779370125245366e-05
158,154,0.0002557514624612167
158,437,0.004236393992181924
158,252,7.295846578769087e-06
158,452,7.295846578769087e-06
158,214,0.0007347117726474856
158,223,0.0006351587675481332
154,78,0.00023664329285015483
154,129,0.029481665540450605
154,437,0.006992649071568462
154,252,0.0002604416495475683
154,214,0.004165659877221433
154,452,0.0002604416495475683
154,223,0.003871024387482874
154,533,0.003202355516181145
437,78,0.007793666425032495
437,252,0.0035209640997783155
437,521,0.03616792537100903
437,452,0.0035209640997783155
252,78,2.9878228846387682e-05
252,223,0.0006372432951420672
252,452,5.211318984835062e-06
78,214,0.0007781394308544443
78,452,2.9878228846387682e-05
452,223,0.0006372432951420672
214,534,0.0032258064516129032
214,223,3.5784390362534094e-05
214,533,2.3450935431757777e-05
116,59,0.00035687648174836896
116,366,0.0032258064516129032
116,372,0.00028377040366959794
116,342,0.0002969086532362536
116,616,0.0003003539062401185
479,458,7.236521644476866e-05
359,135,0.0002063067892935228
359,404,0.0006426241206028347
130,217,0.0009306484785350157
130,136,0.00023024756739949552
217,245,0.0012572940518869183
217,473,0.0009256446944502275
217,585,0.043396730637086434
217,589,0.0018124871263423554
217,510,0.000630082261573746
217,404,0.0022695550343551697
217,576,0.0012955837732736264
217,350,0.002052424082984982
217,413,0.000987486226528175
217,617,0.001079143835398795
217,580,0.0011865713063086449
584,82,0.0028032580667352804
584,225,0.003530154429138073
584,576,0.000283926626065717
375,120,7.854759420704131e-05
375,404,0.00014611854396382007
60,350,0.00027384959250949893
350,135,0.0007882414429860818
350,177,0.0014493858996517772
350,283,0.0032258064516129024
350,463,0.0021779049837189457
350,404,0.00038821932594835894
350,413,0.0005226524437812601
616,239,0.0032258064516129032
616,245,0.00021826046236573791
616,361,0.0001506449880681718
616,372,0.00015165818189215912
244,61,0.0032258064516129032
244,368,0.00044962323833951193
244,472,0.0013328660588232324
57,148,0.05342123091354422
148,563,0.004516313728303745
537,96,0.012840689978633591
66,141,0.0032258064516129037
141,461,0.012819844702694254
141,51,0.0032258064516129037
141,280,0.0032258064516129037
141,574,2.0845275939340247e-05
245,509,0.0011752642269466094
245,322,0.0002336240815650489
245,473,0.00016165844101804475
245,291,0.0004943183887546965
245,580,0.000252903487355212
245,416,0.0004943183887546965
323,162,0.0010426770813136523
323,610,0.0029494926691238394
440,250,0.0010733053814404524
445,250,0.0011882286063248093
445,576,0.0006291459387687383
372,207,0.0032258064516129024
372,342,0.00016581204118113415
146,93,0.01121736411485747
146,232,0.000994088072105417
146,354,0.0008031137732870911
146,567,0.004807441763510344
531,436,0.00019729774130620908
469,225,0.00016679921919905084
469,290,0.0003587600034289548
469,563,0.0003875997905512717
69,385,0.00015547335505707572
385,460,0.00016144320297741528
385,587,0.00014790822760102384
385,571,0.00014790822760102384
495,178,0.003215383813643233
495,539,0.006430767627286466
155,136,0.0001472721073614825
155,576,0.00023706279124258479
525,145,1.12911911338093e-05
115,145,0.0015998749283443643
145,241,1.12911911338093e-05
77,379,0.0032258064516129032
379,96,0.006441190265256136
414,186,0.01678292305701579
85,292,9.392877520450614e-05
80,138,0.0032258064516129032
138,114,0.004767821205892963
81,290,0.000953583804748791
81,563,0.00227222264686411
290,225,0.00016474260259589365
290,563,0.00026033619059975734
563,91,0.0006978423969393233
563,232,0.0002641005337219408
563,134,0.0023030876456892335
563,225,0.0005185000774383769
82,261,0.0011818785238005103
82,409,0.0032258064516129032
82,451,0.0002871264627289569
261,436,0.0002334932674324042
261,451,0.0003778243265812434
451,111,0.00029457610354460253
451,554,0.0001626362612652608
292,123,2.457591857769042e-05
292,421,5.90196201816365e-05
292,612,6.57438345697244e-05
292,328,6.326673051852774e-05
175,576,0.00014568276267274625
576,136,0.0001721935827829784
576,361,8.855947612722456e-05
88,460,0.002654891078028925
88,474,0.0015201181337545007
460,582,0.0032258064516129032
460,587,5.857243179991837e-05
460,571,5.857243179991837e-05
474,529,0.0018760896741599987
136,422,0.0016367392778272535
136,568,0.0005980186222526217
92,186,0.0032258064516129032
186,202,0.010031172735531457
186,459,0.010031172735531457
93,103,0.0016129032258064516
93,567,1.3028297462087654e-05
93,94,0.0032179894731356505
93,614,0.0032258064516129032
103,94,7.816978477252592e-06
103,567,0.001610297566314034
95,492,0.0032258064516129032
95,523,0.006441190265256136
523,605,0.0096461514409297
96,211,0.0032258064516129032
216,101,0.06109683763515628
216,176,0.01518759259303429
216,402,0.0032258064516129032
99,431,0.008866538039876828
99,108,0.013365556676413481
431,226,0.006074826912272062
101,124,0.0033996886518113103
101,311,0.011074484089976045
101,152,0.003130832336178216
311,144,0.00038830740054888313
311,150,0.0007460411111669039
311,152,3.181799757963184e-05
311,137,0.0003990485080120709
311,263,0.003144336164816648
311,353,0.0003907700938599999
152,382,0.0007825664008893983
152,137,0.0003736288520749308
232,134,0.0010724092116780673
134,114,0.0013517318271529222
134,184,0.00039131045013005835
134,456,0.0011352401960971767
134,251,0.0008074478257395555
105,521,0.00551657902711279
521,218,0.0032258064516129032
521,477,0.0032258064516129032
559,192,0.0028069357949414013
559,319,0.00031057111566410405
559,522,0.002539995976144257
319,149,0.00016416888426614568
319,619,0.00024384754346186874
319,522,0.00013060736118703742
319,365,0.00014409888700333266
222,365,0.0007737218623717647
222,522,0.0008140221580244425
522,149,4.512568806450411e-05
522,365,2.217705745768699e-05
522,619,0.0001406627553708345
522,598,2.9890636748732534e-05
114,200,0.0032258064516129032
114,201,0.0032258064516129032
114,184,0.00022335681980369698
184,456,0.0006396186102992379
184,251,0.0005907254785909475
535,220,0.0030706011646695433
535,427,0.00012595299280047513
535,497,0.0002613791307742728
220,176,0.0036959380501358193
220,427,0.0017885008102684335
362,176,0.0028809622665003317
427,176,0.0016034732553037595
123,347,1.592347467588491e-05
125,565,0.001080480136189126
125,308,0.001080480136189126
125,423,0.001080480136189126
529,412,0.006441190265256136
412,153,0.0032258064516129032
404,281,0.002507361835747559
404,386,0.000213154658736285
404,458,0.00015495340789700715
135,458,0.00023055047648154155
135,386,0.00023605669869325213
135,281,0.0007197395496736958
510,177,0.0007242530427954876
133,407,0.00021269463386522445
456,251,0.005043016960925634
456,268,0.0027523204215981066
251,560,0.0032258064516129032
458,260,0.0021159238570910787
458,386,3.724519073639296e-05
386,260,0.0012764518098844142
386,298,0.0007139865889914585
461,574,0.0032049611756735635
144,150,0.00019937241962384968
368,262,0.0006916090194983672
368,286,0.0016029498739307518
368,470,5.083672513705799e-05
368,476,0.0011820929995844788
129,442,0.032402609831450685
223,542,0.0032258064516129032
604,378,0.0032258064516129032
162,610,0.0002763137824890632
176,301,0.0032258064516129032
176,497,0.002947605510594754
202,426,0.0018952483279016002
459,426,0.0018952483279016002
318,447,0.006441190265256136
178,539,1.0422637969670123e-05
539,367,0.0032258064516129032
463,268,0.0005044492533377516
192,371,0.0013191089746088839
371,226,0.00397506919679219
194,619,0.0013262137918452499
194,226,0.006766495656309801
199,316,8.142685913804783e-06
199,566,2.712677650141822e-05
203,435,5.211318984835062e-06
204,540,7.816978477252592e-06
204,215,0.0032179894731356505
540,215,0.003215383813643233
540,405,7.816978477252592e-06
215,405,0.0032179894731356505
262,470,0.0003987779404800275
443,590,0.0032258064516129037
470,470,0.0
225,493,0.0032258064516129032
436,575,0.003321975442198996
436,489,0.0032258064516129032
231,425,0.0032258064516129032
425,387,0.006441190265256136
271,482,0.0032258064516129032
587,571,5.211318984835062e-06
260,294,0.0032258064516129032
286,499,0.0017080905948563417
499,468,0.0032258064516129032
447,606,0.0032258064516129032
387,530,0.012840689978633591
387,390,0.0032258064516129032
399,197,0.0032258064516129032
556,556,0.0
